<?xml version="1.0" encoding="UTF-8" ?>
<extension type="package" version="3.0" method="upgrade">
    <creationDate>2016-07-22</creationDate>
    <author>Galaxiis, Yoshiki Kozaki</author>
    <authorEmail>galaxiiscom@gmail.com;info@joomler.net</authorEmail>
    <authorUrl>http://www.galaxiis.com, http://www.joomler.net</authorUrl>
    <copyright>Copyright (C) 2016 galaxiis.com. (C) 2007 - 2013 Yoshiki Kozaki All rights reserved.</copyright>
    <license>http://www.gnu.org/licenses/gpl-2.0.html GNU/GPL</license>
    <version>3.4.8</version>

    <packager>Galaxiis</packager>
    <packagename>xmlrpc</packagename>
    <packagerurl>http://www.galaxiis.com</packagerurl>
    <files>
        <file type="plugin" id="rsd" group="system">plg_system_rsd.zip</file>
        <file type="plugin" id="joomla" group="xmlrpc">plg_xmlrpc_joomla.zip</file>
        <file type="component" id="com_xmlrpc">com_xmlrpc.zip</file>

        <file type="library" id="galaxiis">lib_galaxiis.zip</file>
        <file type="library" id="cedxmlrpc">lib_cedxmlrpc.zip</file>
    </files>
</extension>